ranking#,symbol,id,price,24h_volume,market_cap
1,btc,bitcoin,67113.0,20887408163.0,1343034245439
2,eth,ethereum,2055.53,5537052579.0,248087227197
3,usdt,tether,0.999874,33182755540.0,184128405101
4,bnb,binancecoin,592.89,462461107.0,80841695727
5,xrp,ripple,1.31,850309465.0,80686243415
6,usdc,usd-coin,0.999938,3694689521.0,77501207570
7,sol,solana,80.45,1638892481.0,46085604538
8,trx,tron,0.317805,362476715.0,30116256173
9,figr_heloc,figure-heloc,1.03,308862.0,16957389931
10,doge,dogecoin,0.091363,469259878.0,14042834247
11,usds,usds,0.999881,27511148.0,11828298394
12,wbt,whitebit,51.33,17031615.0,10954059789
13,leo,leo-token,10.09,296886.0,9288967463
14,ada,cardano,0.246835,232972432.0,9105387090
15,bch,bitcoin-cash,440.22,100809138.0,8812009819
16,hype,hyperliquid,36.01,94979384.0,8586771743
17,link,chainlink,8.65,122821580.0,6288104077
18,xmr,monero,325.74,60151534.0,6008920945
19,usde,ethena-usde,0.999492,39763016.0,5884891759
20,cc,canton-network,0.140255,3585578.0,5365494732
21,xlm,stellar,0.161384,64994350.0,5337994165
22,m,memecore,2.55,10483905.0,4472240869
23,dai,dai,0.999964,129867621.0,4444863534
24,usd1,usd1-wlfi,0.999954,622937573.0,4411968578
25,ltc,litecoin,53.42,195216972.0,4114370046
26,zec,zcash,247.14,209109849.0,4112601511
27,pyusd,paypal-usd,0.999762,32344499.0,3950944363
28,avax,avalanche-2,8.95,119601872.0,3866233846
29,hbar,hedera-hashgraph,0.087658,38035560.0,3797523787
30,shib,shiba-inu,5.93e-06,79203540.0,3494180971
31,rain,rain,0.00730551,26738350.0,3494624988
32,sui,sui,0.863908,172846393.0,3416977428
33,ton,the-open-network,1.24,39305576.0,3070003557
34,wlfi,world-liberty-financial,0.098226,32965657.0,3021717094
35,cro,crypto-com-chain,0.069488,7040535.0,2941255436
36,tao,bittensor,302.28,133652321.0,2900921974
37,usyc,hashnote-usyc,1.12,112109.0,2702544220
38,xaut,tether-gold,4634.76,147243727.0,2594079371
39,paxg,pax-gold,4650.31,46434933.0,2390860491
40,buidl,blackrock-usd-institutional-digital-liquidity-fund,1.0,0.0,2298435926
41,mnt,mantle,0.659311,20797154.0,2161508318
42,dot,polkadot,1.25,68285347.0,2095356064
43,uni,uniswap,3.11,117115829.0,1971742453
44,usdg,global-dollar,0.999983,17306527.0,1862765051
45,usdf,falcon-finance,0.998446,379693.0,1743105501
46,okb,okb,82.85,8275460.0,1739871933
47,pi,pi-network,0.170834,11321723.0,1727530723
48,sky,sky,0.074187,9170289.0,1715818833
49,aster,aster-2,0.666774,47343479.0,1637971125
50,near,near,1.26,160063713.0,1623936452
51,htx,htx-dao,1.72e-06,15386444.0,1580949350
52,usdd,usdd,1.001,2349392.0,1548661793
53,aave,aave,94.05,115757112.0,1428324985
54,pepe,pepe,3.39e-06,148526227.0,1424078734
55,rlusd,ripple-usd,0.999971,24700670.0,1370788031
56,bgb,bitget-token,1.92,20622611.0,1341404397
57,etc,ethereum-classic,8.51,98614315.0,1329124120
58,bfusd,bfusd,0.999505,268104.0,1319346408
59,usdy,ondo-us-dollar-yield,1.12,54214.0,1315465542
60,icp,internet-computer,2.28,28154453.0,1252867042
61,jtrsy,janus-henderson-anemoy-treasury-fund,1.099,0.0,1241371700
62,ondo,ondo-finance,0.253551,28849892.0,1234639068
63,gt,gatechain-token,6.51,1297455.0,1133103428
64,qnt,quant-network,75.55,12771143.0,1098841335
65,kcs,kucoin-shares,8.07,6648709.0,1086157987
66,algo,algorand,0.117497,108941928.0,1044670625
67,ustb,superstate-short-duration-us-government-securities-fund-ustb,11.04,0.0,1005813287
68,pump,pump-fun,0.00166543,31084488.0,982671812
69,pol,polygon-ecosystem-token,0.091903,36171823.0,975831638
70,render,render-token,1.88,41346930.0,976487685
71,eutbl,eutbl,1.21,0.0,921755626
72,usdtb,usdtb,0.99969,344488.0,863390134
73,atom,cosmos,1.72,35674383.0,860853928
74,nexo,nexo,0.853316,4859910.0,853379502
75,kas,kaspa,0.03114309,13082168.0,850988849
76,wld,worldcoin-wld,0.256577,62412199.0,831127335
77,morpho,morpho,1.48,6418606.0,817538448
78,night,midnight-3,0.04229178,73745097.0,703338098
79,ena,ethena,0.079333,47050667.0,694890148
80,apt,aptos,0.845733,31044825.0,672050444
81,ousg,ousg,114.79,0.0,670206413
82,trump,official-trump,2.88,113431104.0,669486060
83,hash,hash-2,0.01141325,12460.43,644623404
84,flr,flare-networks,0.00752451,1923310.0,643587465
85,vet,vechain,0.00747351,32841908.0,642483782
86,fil,filecoin,0.831386,43160563.0,639162227
87,ylds,ylds,0.999936,167599.0,621030962
88,bdx,beldex,0.080051,12795196.0,619318583
89,xdc,xdce-crowd-sale,0.03088222,14307052.0,615881550
90,stable,stable-2,0.02751145,14270398.0,590988098
91,gho,gho,0.999268,1781326.0,583568480
92,jup,jupiter-exchange-solana,0.161248,11968587.0,572625997
93,usd0,usual-usd,0.996619,523587.0,556699658
94,arb,arbitrum,0.091953,34720381.0,555479516
95,jst,just,0.062039,23802107.0,546904086
96,fet,fetch-ai,0.229575,60667969.0,518462874
97,bonk,bonk,5.67e-06,27243838.0,498549352
98,tusd,true-usd,0.999525,6253747.0,494286499
99,a7a5,a7a5,0.01240852,219.08,486416213
100,cake,pancakeswap-token,1.41,32335130.0,480567958
101,zro,layerzero,1.89,20714692.0,475838991
102,dexe,dexe,8.97,18719107.0,419442306
103,virtual,virtual-protocol,0.630343,24958165.0,413783057
104,eurc,euro-coin,1.15,6627268.0,413623479
105,chz,chiliz,0.03922238,24830297.0,403697846
106,jaaa,janus-henderson-anemoy-aaa-clo-fund,1.029,0.0,396785848
107,fdusd,first-digital-usd,0.999276,16147536.0,393995819
108,stx,blockstack,0.212805,7010596.0,391393125
109,pengu,pudgy-penguins,0.00618873,46346434.0,389016354
110,dash,dash,30.34,42140693.0,383882168
111,siren,siren-2,0.511648,282597762.0,372482582
112,xtz,tezos,0.344475,10280252.0,372387179
113,prime,hastra-prime,1.028,3109900.0,368264913
114,sei,sei-network,0.053395,28096183.0,359808521
115,kau,kinesis-gold,150.13,31847.0,358244515
116,usx,usx,0.999747,346526.0,356700635
117,adi,adi-token,4.36,835569.0,347750950
118,ethfi,ether-fi,0.440622,18840968.0,346856490
119,dcr,decred,19.86,764746.0,344635122
120,sun,sun-token,0.01724836,69802326.0,331643223
121,nft,apenft,3.30991e-07,5870915.0,327572315
122,bsv,bitcoin-cash-sv,16.12,24315531.0,322598256
123,om,mantra-dao,0.066875,6291.76,323960802
124,crv,curve-dao-token,0.212308,29271207.0,317365380
125,gno,gnosis,119.55,2091015.0,315449530
126,vvv,venice-token,6.91,9900479.0,312942689
127,btt,bittorrent,3.13793e-07,5211562.0,309670475
128,edge,edgex,0.872007,137973181.0,306678943
129,usdai,usdai,1.0,292369.0,306513566
130,aero,aerodrome-finance,0.314263,4188715.0,291962649
131,mon,monad,0.02647437,62388090.0,286778759
132,inj,injective-protocol,2.8,25672799.0,279606151
133,kaia,kaia,0.04727892,4830496.0,276895731
134,xpl,plasma,0.116904,81803451.0,276544453
135,kite,kite-2,0.153517,108291827.0,276518977
136,2z,doublezero,0.078863,10499698.0,274087571
137,frax,frax,0.99332,407255.0,274091857
138,zbcn,zebec-network,0.0027476,10552443.0,268957673
139,fo,official-fo,0.269202,118092.0,268526214
140,cfx,conflux-token,0.051688,9183251.0,268249616
141,kag,kinesis-silver,70.86,83699.0,267646746
142,ldo,lido-dao,0.313236,12950106.0,266003803
143,crvusd,crvusd,0.997747,2131092.0,264404665
144,iota,iota,0.059911,7416563.0,262015476
145,floki,floki,2.7e-05,15799140.0,260657350
146,tia,celestia,0.287068,15126119.0,258558803
147,jasmy,jasmycoin,0.00520852,6591884.0,257607152
148,grt,the-graph,0.02379657,9853117.0,256387755
149,ohm,olympus,15.85,68595.0,247954168
150,apepe,ape-and-pepe,1.18e-06,37681099.0,246960619
151,lit,lighter,0.980131,20636859.0,245066373
152,spx,spx6900,0.26289,1886640.0,244807855
153,syrup,syrup,0.206676,2527131.0,239644497
154,river,river,12.23,17700918.0,238121483
155,btse,btse-token,1.45,5489222.0,234856369
156,op,optimism,0.109145,38097902.0,233580480
157,pyth,pyth-network,0.04049667,9372542.0,232955003
158,usda,usda-2,0.985479,0.0,217493188
159,ausd,agora-dollar,0.999869,36357652.0,216440215
160,ens,ethereum-name-service,5.61,15975820.0,215471898
161,vsn,vision-3,0.058248,4218468.0,213291683
162,bcap,blockchain-capital,23.01,0.0,209669674
163,tel,telcoin,0.00216805,828074.0,206144883
164,9bit,the9bit,0.02501437,4858061.0,205200590
165,sand,the-sandbox,0.07618,15021817.0,203213431
166,uds,undeads-games,1.63,281421.0,202550376
167,lunc,terra-luna,3.646e-05,6399127.0,199213039
168,neo,neo,2.75,7939926.0,194074075
169,pc0000031,tradable-na-rent-financing-platform-sstn,1.0,0.0,189500000
170,strk,starknet,0.03324197,8944609.0,189139408
171,axs,axie-infinity,1.11,12392122.0,188771927
172,real,reallink,0.05917,4615551.0,188285816
173,reusd,re-protocol-reusd,1.069,1410857.0,187016262
174,hnt,helium,0.994248,3419260.0,183363101
175,borg,swissborg,0.183292,182294.0,179980959
176,wif,dogwifcoin,0.179766,34232348.0,179355801
177,wfi,wefi,2.18,1448403.0,179130280
178,xcn,chain-2,0.00471852,4149665.0,178089584
179,ip,story-2,0.499729,19162439.0,176165996
180,nusd,nusd-2,0.999809,1076943.0,173558496
181,b,build-on,0.172808,3297143.0,172803377
182,ustbl,spiko-us-t-bills-money-market-fund,1.079,49.95,172669910
183,pendle,pendle,1.031,17310360.0,171858104
184,twt,trust-wallet-token,0.398949,10335593.0,166142273
185,mana,decentraland,0.085672,9384246.0,165796422
186,ff,falcon-finance-ff,0.070552,9913899.0,165098084
187,fartcoin,fartcoin,0.164472,22479522.0,164438921
188,ray,raydium,0.610286,15190480.0,164020977
189,mx,mx-token,1.79,7445648.0,163953475
190,koge,bnb48-club-token,47.99,100625224.0,162202506
191,wal,walrus-2,0.070606,4275260.0,162115147
192,comp,compound-governance-token,16.73,6812509.0,161706516
193,grass,grass,0.282237,4506410.0,159356780
194,satusd,satoshi-stablecoin,0.993486,218960.0,158208156
195,fdit,fidelity-digital-interest-token,1.0,0.0,157641721
196,s,sonic-3,0.04134998,10493759.0,156496252
197,theta,theta-token,0.156096,57162319.0,156039253
198,zk,zksync,0.01614084,55445512.0,155113895
199,h,humanity,0.083969,11487829.0,153245301
200,cvx,convex-finance,1.69,3924155.0,151712151
201,sfp,safepal,0.302079,4710357.0,151045704
202,eurs,stasis-eurs,1.21,4938.32,150690766
203,ab,newton-project,0.00152261,3624717.0,150420346
204,gusd,gusd,0.999775,1279821.0,149548168
205,zano,zano,9.58,1560172.0,145994994
206,bat,basic-attention-token,0.095214,6765690.0,142391089
207,ft,flying-tulip,0.091904,124074.0,139703976
208,crclon,circle-internet-group-ondo-tokenized-stock,90.62,130578.0,139533279
209,xec,ecash,6.93e-06,5684675.0,138619316
210,gala,gala,0.00287422,11421185.0,136745309
211,rune,thorchain,0.378331,22722481.0,132802586
212,thbill,theo-short-duration-us-treasury-fund,1.017,302463.0,131955178
213,onyc,onyc,1.09,1824622.0,131910594
214,acred,apollo-diversified-credit-securitize-fund,1094.56,0.0,131282015
215,trac,origintrail,0.289687,3800971.0,129573814
216,gekko,gekko,6.46537e-07,76602.0,129554589
217,a,vaulta,0.078678,10394998.0,128456178
218,soso,sosovalue,0.409238,3334159.0,127682820
219,qubic,qubic-network,9.31537e-07,2313175.0,127055073
220,qrl,quantum-resistant-ledger,1.61,42578.0,126581124
221,glm,golem,0.125937,3904484.0,125927847
222,avusd,avant-usd,0.999166,10499.47,125900326
223,sn64,chutes,26.55,1262581.0,125711678
224,ozo,ozone-chain,0.131028,189617.0,125003130
225,ath,aethir,0.0067082,12884499.0,123374676
226,1inch,1inch,0.087958,16837088.0,123518958
227,jto,jito-governance-token,0.271073,53455241.0,123522453
228,akt,akash-network,0.46437,3766263.0,121820885
229,bananas31,banana-for-scale-2,0.01220601,13048267.0,122095051
230,gomining,gmt-token,0.296859,13109126.0,120272593
231,usdf,astherus-usdf,0.999727,98021.0,119889549
232,ultima,ultima,3174.48,8853810.0,119908967
233,frxusd,frax-usd,0.999833,590551.0,119853385
234,cash,cash-4,0.999181,8371657.0,119180981
235,shfl,shuffle-2,0.296958,928114.0,118504424
236,pusd,pleasing-usd,0.989871,80.23,118775973
237,sent,sentient,0.01611838,15802163.0,116642042
238,pieverse,pieverse,0.537829,3378398.0,115653965
239,fluid,instadapp,1.47,1837093.0,114884979
240,pc0000023,tradable-singapore-fintech-ssl-2,1.0,0.0,114500000
241,iusd,infinifi-usd,0.999479,70318.0,114447259
242,gas,gas,1.76,20005136.0,114265717
243,wemix,wemix-token,0.246462,900931.0,113995930
244,eurcv,societe-generale-forge-eurcv,1.15,1675257.0,114010688
245,cow,cow-protocol,0.201777,3991258.0,112770294
246,imx,immutable-x,0.133068,7842588.0,112114555
247,egld,elrond-erd-2,3.74,3028732.0,110820503
248,rlb,rollbit-coin,0.064541,165918.0,110250232
249,ar,arweave,1.66,6742471.0,108772111
250,tkx,tokenize-xchange,1.35,27.5,108038913
251,skr,seeker,0.01759492,2647107.0,107179194
252,0g,zero-gravity,0.49842,9971006.0,106289296
253,jusd,jusd,0.999799,131401.0,106193201
254,cusd,cap-usd,0.999864,5.43,106051294
255,aria,aria-ai,0.584136,35685936.0,105898942
256,eigen,eigenlayer,0.152526,11217402.0,105503417
257,bmx,bitmart-token,0.309929,9499486.0,105173079
258,stac,securitize-tokenized-aaa-clo-fund,1009.86,0.0,104631773
259,melania,melania-meme,0.109154,8135510.0,103971775
260,mnee,mnee-usd-stablecoin,1.001,146716.0,101823026
261,pusd,palm-usd,0.999298,112080.0,101254598
262,qtum,qtum,0.946916,8168838.0,100391043
263,lpt,livepeer,2.02,4285969.0,100492005
264,usdr,ring-usd,0.999289,2579.89,100334270
265,uusd,unity-usd,0.999814,244280.0,99954127
266,kaito,kaito,0.413704,8041429.0,99859492
267,dusd,standx-dusd,0.999401,484249.0,99525370
268,pmusd,precious-metals-usd,0.991333,178038.0,99327720
269,usdu,usdu,0.999859,48892.0,98879895
270,nxm,nxm,53.35,0.0,97970702
271,bera,berachain-bera,0.398954,81346231.0,97391526
272,grx,grx-chain,10.12,19098988.0,96249868
273,snx,havven,0.278175,5161046.0,95841810
274,bard,lombard-protocol,0.316726,42155017.0,95818928
275,gwei,ethgas-2,0.05445,8875696.0,95259105
276,awe,stp-network,0.04908849,3401992.0,95331090
277,tibbir,ribbita-by-virtuals,0.095109,1157994.0,95100294
278,rvn,ravencoin,0.00573713,5364624.0,92765111
279,zen,zencash,5.13,10373050.0,92209706
280,xdai,xdai,0.999966,131060.0,91823516
281,apxusd,apxusd,0.99986,4593841.0,91265807
282,beam,beam-2,0.00177428,3819330.0,91043942
283,cfg,centrifuge-2,0.156329,9670706.0,90159821
284,rsr,reserve-rights-token,0.00142846,7968106.0,89362512
285,brz,brz,0.192352,36224.0,89233938
286,sn3,templar,21.0,977863.0,89009161
287,usda,usda-3,0.997407,870940.0,87945381
288,drv,derive,0.088216,264019.0,88200465
289,kta,keeta,0.170317,1962399.0,88080223
290,yfi,yearn-finance,2462.35,3520839.0,87995330
291,pgold,pleasing-gold,4474.82,0.0,87281298
292,vcnt,vicicoin,17.95,751485.0,87095803
293,ini,ini,0.107933,599915.0,86577463
294,zrx,0x,0.102013,7031727.0,86551510
295,ont,ontology,0.092948,40045615.0,86792406
296,dydx,dydx-chain,0.103222,4412614.0,86084027
297,icnt,impossible-cloud-network-token,0.339441,9241339.0,85880541
298,ape,apecoin,0.085186,12306191.0,85180796
299,sn4,targon,19.02,887438.0,84473514
300,lb,lovebit,1.98859e-07,6300.87,83520800
301,linea,linea,0.00330393,38267499.0,82543589
302,tfuel,theta-fuel,0.01121036,6448589.0,81670073
303,cheems,cheems-token,3.9708e-07,1186479.0,80904879
304,jupusd,jupusd,0.999606,2048293.0,80596687
305,mag7.ssi,mag7-ssi,0.474444,287435.0,80251379
306,mwc,mimblewimblecoin,6.41,133811.0,77233444
307,wkc,wiki-cat,1.44245e-07,450672.0,77710544
308,gtusda,gauntlet-usd-alpha,1.061,4.12,77652783
309,form,four,0.201725,2607513.0,77032206
310,skyai,skyai,0.076962,30122205.0,76837014
311,safe,safe,0.105452,1541365.0,76698624
312,lisusd,helio-protocol-hay,1.002,9261.67,76492888
313,amp,amp-token,0.00090506,7698208.0,76260193
314,dgb,digibyte,0.00419431,1951452.0,76265224
315,lion,loaded-lions,0.00246883,664016.0,75651388
316,zeta,zetachain,0.055576,43595266.0,75344113
317,w,wormhole,0.01325963,13136178.0,75076695
318,lux,luxxcoin,0.00075004,345737.0,74981274
319,cgusd,cygnus-finance-global-usd,0.995198,1.48,74922871
320,ctc,creditcoin-2,0.140832,1903957.0,74721914
321,feusd,felix-feusd,0.998117,65883.0,74862849
322,zil,zilliqa,0.00381797,5570706.0,74276455
323,xaum,matrixdock-gold,4637.22,76126.0,74389378
324,rose,oasis-network,0.00980911,3613964.0,74075401
325,temple,temple,3.12,5902.46,74033276
326,kmno,kamino,0.01718744,2901479.0,73972913
327,ksm,kusama,4.09,3947061.0,73637004
328,cet,coinex-token,0.0290848,33406.0,73479434
329,nxpc,nexpace,0.280271,4292728.0,73224038
330,tag,tagger,0.00066438,4602932.0,72327998
331,toshi,toshi,0.00017202,7485888.0,72367104
332,sahara,sahara-ai,0.02279308,46204731.0,71551942
333,mina,mina-protocol,0.055955,3542217.0,71664763
334,t,threshold-network-token,0.00641348,13186235.0,71529725
335,gmrt,gamer-tag,0.201081,413.6,71474504
336,bce,bitcastle-token,0.176465,92688.0,70586146
337,vbill,vaneck-treasury-fund,1.0,0.0,70530206
338,would,would,0.070004,10454.62,69972732
339,hot,holotoken,0.00039295,3715248.0,69840837
340,ckb,nervos-network,0.00143467,2986525.0,69627639
341,xvg,verge,0.00419735,2235602.0,69374054
342,ftn,fasttoken,0.159833,64819.0,69345834
343,aioz,aioz-network,0.055522,1879150.0,69103254
344,dog,dog-go-to-the-moon-rune,0.00069045,617692.0,69031740
345,nila,mindwavedao,0.081422,107036.0,68620007
346,deep,deep,0.02746886,5989183.0,68605433
347,babydoge,baby-doge-coin,3.78508e-10,2347450.0,68380690
348,home,home,0.01980417,5372340.0,68143310
349,usdgo,usdgo,0.999875,809011.0,67991719
350,mf-one,midas-mf-one,1.073,0.0,67847243
351,turbo,turbo,0.00097703,9715802.0,67415190
352,esports,yooldo-games,0.442246,10055033.0,67104777
353,mbg,mbg-by-multibank-group,0.361513,9902114.0,66948916
354,bc,bc-token,0.0066845,6795.91,66773926
355,dbr,debridge,0.01410552,2846493.0,66600096
356,puff,puff-the-dragon,0.074937,31555.0,66610472
357,ron,ronin,0.08602,2705456.0,66441358
358,fogo,fogo,0.01745055,7714395.0,66352701
359,dola,dola-usd,0.992031,63112.0,66198691
360,velo,velo,0.00374607,1658764.0,65874224
361,tbk,tronbank,0.65295,196486.0,65294869
362,venom,venom,0.03033833,151974.0,65171666
363,polyx,polymesh,0.051441,61660339.0,65020880
364,met,meteora,0.125789,5637631.0,64719954
365,elf,aelf,0.078812,657058.0,64569945
366,exod,exod,6.1,0.0,63720600
367,tdccp,tdccp,0.098912,85586.0,63302030
368,usdon,ondo-u-s-dollar-token,1.0,58.29,63124476
369,sn120,affine,22.4,601640.0,62980932
370,xpr,proton,0.00219497,1198082.0,62892884
371,zora,zora,0.01408498,7795892.0,62960724
372,astr,astar,0.00730621,2010273.0,62670842
373,gmx,gmx,6.02,3156091.0,62488331
374,move,movement,0.01767502,8906886.0,62023631
375,usdm,megausd,0.999793,711220.0,61939799
376,pythia,pythia,0.061832,959347.0,61712762
377,metal,metal-blockchain,0.12179,507744.0,61805473
378,burn,burnedfi,4.95,349145.0,61198189
379,super,superfarm,0.09654,5291141.0,61516246
380,agentfun,agentfun-ai,0.610312,105.62,61026766
381,brett,based-brett,0.00613211,3835951.0,60827110
382,apes,apes-2-2,0.067524,199113.0,60757926
383,swop,swop-2,0.00606295,1.77,60629524
384,wmtx,world-mobile-token,0.070797,27499552.0,60305747
385,rave,ravedao,0.251051,3648249.0,60058791
386,usdx,usdx,0.536651,1818.83,59875151
387,geod,geodnet,0.140052,934154.0,59628966
388,sign,sign-global,0.03619222,36414096.0,59355235
389,xno,nano,0.442783,757075.0,58989413
390,usdo,openeden-open-dollar,0.997643,0.100004,58774280
391,euri,eurite,1.15,1766852.0,58666534
392,ban,comedian,0.058186,4844116.0,58103012
393,basedhype,basedhype,0.0058026,107.89,58075194
394,币安人生,bianrensheng,0.057694,12212933.0,57764749
395,hsk,hashkey-ecopoints,0.16658,582984.0,57463493
396,rekt,rekt-4,1.36501e-07,444616.0,57429592
397,npc,non-playable-coin,0.00710842,2550932.0,57238659
398,arkm,arkham,0.09467,7867494.0,57231997
399,vvs,vvs-finance,1.31e-06,44058.0,57120726
400,alch,alchemist-ai,0.067047,5022039.0,57052349
401,kub,bitkub-coin,0.827731,177271.0,56974591
402,ev,everything,0.00057007,259.32,57006724
403,bdca,bitdca,0.695125,192513.0,56997906
404,vrsc,verus-coin,0.708006,282.82,56741907
405,rail,railgun,0.981659,538499.0,56425070
406,kava,kava,0.051897,3454500.0,56205730
407,deso,deso,5.24,20306.0,55068675
408,get,get-ai,0.101747,7251.4,55655468
409,aztec,aztec,0.01834807,4247656.0,54232488
410,ccd,concordium,0.00449557,526970.0,54007348
411,sn51,celium,13.87,2851799.0,53739413
412,ub,unibase,0.02170611,8178123.0,53589334
413,arc,ai-rig-complex,0.053496,3239565.0,53449574
414,dusk,dusk-network,0.106974,5221071.0,53444997
415,flow,flow,0.03234275,9224709.0,53447435
416,elg,escoin-token,0.289165,204517.0,53257220
417,upump,unit-pump,0.00166504,416265.0,53134168
418,mog,mog-coin,1.36142e-07,8082730.0,53170112
419,vtho,vethor-token,0.00053589,2386091.0,53042320
420,sushi,sushi,0.193612,6760934.0,52857374
421,blur,blur,0.01889519,9870337.0,52336536
422,meta,meta-2-2,2.3,809906.0,52224153
423,coai,chainopera-ai,0.276081,5143317.0,51928470
424,qfi,quantixai,64.44,2698051.0,51804756
425,tria,tria,0.02345847,8755596.0,50617486
426,spk,spark-2,0.02018242,10365108.0,51532699
427,mantra,mantra,0.01059602,4816210.0,51330037
428,nmr,numeraire,7.36,9899289.0,51143809
429,ankr,ankr,0.00511251,31137361.0,51126910
430,ordi,ordinals,2.42,8351612.0,50785896
431,celo,celo,0.084514,4096490.0,50616877
432,zama,zama,0.02281407,2618653.0,50189817
433,me,magic-eden,0.099802,4258207.0,50164557
434,xyo,xyo-network,0.00359439,2951518.0,50063581
435,axl,axelar,0.04368388,6572185.0,50077983
436,moca,mocaverse,0.0122007,1997522.0,49994737
437,usdkg,usdkg,0.999826,65761.0,49991297
438,sxt,space-and-time,0.01656458,4592945.0,49919751
439,orca,orca,0.819785,5379422.0,49846196
440,ausdt,alloy-tether,0.996072,13.03,49803598
441,lbt,law-blocks,0.203092,505914.0,49743460
442,plume,plume,0.00931781,2990590.0,49697757
443,fidd,fidelity-digital-dollar,0.999573,3102295.0,49531830
444,tslax,tesla-xstock,361.14,3956302.0,49432646
445,uai,unifai-network,0.203086,5557393.0,48577160
446,mew,cat-in-a-dogs-world,0.00054785,3604665.0,48710500
447,dai,dai-on-pulsechain,0.00109744,82891.0,48704412
448,req,request-network,0.064509,387713.0,48048080
449,mtbill,midas-mtbill,1.057,22.88,48040291
450,usd+,usd,0.993561,0.0,47775454
451,bsb,block-street,0.228861,17730877.0,47545958
452,fiusd,sygnum-fiusd-liquidity-fund,11831.62,0.0,47298794
453,bbt,babyboomtoken,0.276834,146863.0,47221492
454,msusd,main-street-usd,0.999697,80491.0,47102327
455,popcat,popcat,0.0478927,11164896.0,46927368
456,mask,mask-network,0.467299,17415319.0,46738123
457,usdx,hex-trust-usdx,0.996982,78413.0,46551477
458,anvl,anvil,0.00056587,25683.0,46034572
459,cspr,casper-network,0.00290796,1045724.0,45929585
460,br,bedrock-token,0.182265,11734061.0,45804253
461,sc,siacoin,0.00091657,3277969.0,45600701
462,aeur,anchored-coins-eur,1.14,121159.0,45468241
463,beat,audiera,0.325137,9253438.0,45281142
464,jct,janction,0.00395323,63251344.0,45423224
465,xusd,straitsx-xusd,1.0,18349193.0,45264563
466,gohome,gohome,86.06,985394.0,45150534
467,pci,pay-coin,0.04378866,556398.0,44852625
468,now,changenow,0.535975,2263.78,44785288
469,mhyper,midas-mhyper,1.088,11.87,44786633
470,moodeng,moo-deng,0.04500996,7670486.0,44558624
471,xvs,venus,2.65,2498678.0,44486759
472,tradoor,tradoor,3.09,2972508.0,44407101
473,myx,myx-finance,0.231799,13986623.0,44218724
474,pippin,pippin,0.04375435,49579521.0,43751451
475,purr,purr-2,0.073039,252330.0,43647477
476,mgg,mimbogamegroup,0.00301605,614404.0,43581210
477,aleo,aleo,0.04306526,914472.0,43497738
478,gusd,gemini-dollar,0.999256,299898.0,43404894
479,msy,main-street-yield,1.038,20991.0,43388068
480,sn8,proprietary-trading-network,9.99,84797.0,43330002
481,ardr,ardor,0.04319465,211479.0,43089606
482,plld,palladium-network,0.838953,327921.0,43502040
483,ong,ong,0.096875,48582747.0,43420619
484,brlv,crown-brlv,0.194001,265.74,43106739
485,niza,niza-global-2,0.03730715,584649.0,42795271
486,unp,unipoly,0.153225,317913.0,42785080
487,crclx,circle-xstock,90.45,3584420.0,42611300
488,usr,resolv-usr,0.240602,46834.0,42364537
489,yzy,yzy,0.325548,956896.0,42329373
490,orbs,orbs,0.00860238,3380017.0,42428236
491,prove,succinct,0.216805,5157940.0,42275763
492,fb,fractal-bitcoin,0.426831,2066974.0,42276698
493,sto,stakestone,0.18728,552501386.0,42200973
494,apyusd,apyusd,1.35,146698.0,42208014
495,xch,chia,2.31,2104715.0,42187997
496,uxpl,unit-plasma,0.117114,185094.0,42160874
497,iotx,iotex,0.00443066,1332453.0,41845712
498,jellyjelly,jelly-my-jelly,0.04176596,3248804.0,41766088
499,zig,zignaly,0.0293638,343887.0,41371796
500,oft,onfa,0.382695,107646.0,41058416
501,trb,tellor,14.81,9373992.0,41033428
502,waves,waves,0.409117,3503935.0,40910238
503,bora,bora,0.03545641,189219.0,40866193
504,gal,project-galaxy,0.319966,5338.29,40875427
505,idol,meet48,0.02293138,3035521.0,40869935
506,robo,robo-token-2,0.01832641,8500692.0,40886230
507,sn62,ridges-ai,9.21,1331504.0,40720217
508,irys,irys,0.02032633,4111867.0,40664553
509,usdp,paxos-standard,1.0,10279661.0,40582031
510,esp,espresso,0.07767,2266125.0,40495055
511,pnut,peanut-the-squirrel,0.03996842,6822305.0,39953903
512,icx,icon,0.03642662,1516272.0,39922921
513,busd,binance-usd,0.997664,668.27,39932830
514,sn44,score,9.11,1202238.0,39911448
515,btw,bitway,0.01801384,8992829.0,39720105
516,atone,atomone,0.310997,45109.0,39704838
517,avnt,avantis,0.122726,5377278.0,39285809
518,bim,bim-2,1.3,200624.0,39016092
519,baby,babylon,0.01256662,12944186.0,38902102
520,enj,enjincoin,0.02004862,11814979.0,39016814
521,luna,terra-luna-2,0.054688,5594921.0,38824585
522,soon,soon-2,0.114049,2513883.0,38753662
523,frax,frax-share,0.404922,11503636.0,38630269
524,skl,skale,0.00631697,3409057.0,38471620
525,api3,api3,0.269658,5909412.0,38505651
526,snt,status,0.00972338,1131612.0,38476808
527,bp,backpack,0.153432,3090729.0,38357977
528,ucn,uchain-2,382.0,2954102.0,38107463
529,zchf,frankencoin,1.25,55514.0,38074097
530,rpl,rocket-pool,1.7,1707706.0,37984405
531,usat,usa,1.001,3651863.0,37773419
532,glidr,glidr,1.059,158490.0,37564478
533,vana,vana,1.22,1361566.0,37512506
534,elon,dogelon-mars,3.7456e-08,1696563.0,37457151
535,lcx,lcx,0.03957963,101733.0,37295417
536,reusd,resupply-usd,0.991355,294.21,37164550
537,alt,altlayer,0.00625463,10400370.0,37049886
538,pundix,pundi-x-2,0.143052,1389388.0,36960741
539,core,coredaoorg,0.03432723,36626943.0,36932437
540,apr,apriori,0.170492,2285019.0,36876842
541,omni,omni-network,0.68514,3988.76,36848351
542,sierra,sierra-2,1.019,1609.14,36784531
543,botx,botxcoin,0.546589,69555.0,36684877
544,apex,apex-token-2,0.265574,1030782.0,36639706
545,naoris,naoris,0.060981,1151223.0,36572597
546,uma,uma,0.399652,3364463.0,36217361
547,mvl,mass-vehicle-ledger,0.00129782,55601.0,36083202
548,unt,unitywallet-token,0.054797,1919.26,36011531
549,red,redstone-oracles,0.104484,3618443.0,35955091
550,yusd,aegis-yusd,0.997787,991.89,36425628
551,coti,coti,0.01305884,3966782.0,35886815
552,birb,moonbirds,0.125594,4684469.0,35788695
553,arrr,pirate-chain,0.182348,442717.0,35777319
554,band,band-protocol,0.205441,2452101.0,35760528
555,cys,cysic,0.222145,14432679.0,35774659
556,edu,edu-coin,0.04799466,4622999.0,35373252
557,open,openledger-2,0.163933,5740488.0,35334277
558,ilv,illuvium,3.72,1835955.0,35267666
559,not,notcoin,0.0003555,5511404.0,35313189
560,ctsi,cartesi,0.03869131,53107855.0,35174701
561,hez,hermez-network-token,3.18,3972.43,35153572
562,sb,snowbank,219.45,17.96,35032445
563,at,apro,0.1522,3672192.0,35002250
564,vee,blockv,0.01078354,17483.59,34663239
565,mngo,mango-markets,0.03099727,579.96,34638425
566,srx,storx,0.056924,1784118.0,34504564
567,iost,iostoken,0.00106733,3912557.0,34386664
568,rif,rif-token,0.03437944,1421895.0,34355548
569,ful,fulcrom,0.00206288,13586.54,34331350
570,atos,atoshi,0.03798279,91500.0,34304565
571,spyon,spdr-s-p-500-etf-ondo-tokenized-etf,657.25,1716506.0,34254113
572,sn56,gradients,8.08,511202.0,34248989
573,pm,pumpmeme,1.065,157576.0,34081761
574,la,lagrange,0.175894,4690643.0,33947158
575,dag,constellation-labs,0.00882917,921493.0,33900526
576,ainti,aintivirus,0.0337323,0.0,33724947
577,powr,power-ledger,0.06359,3075921.0,33687994
578,omi,ecomi,0.00012439,979949.0,33718559
579,gps,goplus-security,0.00761027,3300565.0,33556970
580,ebtc,ebtc-2,67028.0,9787.05,33655228
581,mhorse,meme-horse,0.03342531,18045.12,33425307
582,ana,nirvana-ana-2,4.11,1.96,33602544
583,auction,auction,4.59,2993838.0,33436239
584,lon,tokenlon,0.270941,12871.13,33445238
585,fai,freysa-ai,0.00404786,2220714.0,33150203
586,people,constitutiondao,0.00659329,4736421.0,33398772
587,ssv,ssv-network,2.27,6117689.0,33362955
588,bnkr,bankercoin-2,0.00033242,3509896.0,33242411
589,singularry,singularry,0.03322107,21687.0,33188947
590,swftc,swftcoin,0.00330485,468170.0,32970589
591,one,harmony,0.00221458,1320656.0,32930629
592,xtusd,xtusd,0.999805,784069.0,32792584
593,osak,osaka-protocol,4.2916e-08,43783.0,32678888
594,mxrp,midas-xrp,5.3,30.98,32593575
595,ark,ark,0.165113,694465.0,32306798
596,l3,layer3,0.02304528,28849585.0,32158049
597,ustbl,ustbl-tokenized-u-s-treasury-bill,1.049,7603.53,32096005
598,q,quack-ai,0.00801372,2720476.0,32073208
599,slvon,ishares-silver-trust-ondo-tokenized-stock,65.73,1981912.0,32028567
600,diem,diem,846.47,248004.0,31936156
601,kernel,kernel-2,0.111302,29917359.0,31866111
602,ptgc,the-grays-currency,0.00010959,13784.43,31728044
603,sn75,hippius,8.04,891399.0,31779772
604,steem,steem,0.058305,4497477.0,31690413
605,abt,arcblock,0.32238,4166015.0,31818779
606,bio,bio-protocol,0.01783471,17978005.0,31565307
607,aic,ai-companions,0.03154474,1302842.0,31552452
608,dep,deapcoin,0.00114294,85417.0,31460928
609,gmt,stepn,0.01007333,3877450.0,31343480
610,eure,monerium-eur-money-2,1.15,61615.0,31352827
611,hive,hive,0.058314,1406034.0,31248105
612,woo,woo-network,0.01653928,1338104.0,31244057
613,pha,pha,0.03740783,7628273.0,31226049
614,dxi,dacxi,0.00045691,256734.0,31131861
615,meme,memecoin-2,0.00049759,3558075.0,31120013
616,amiko,amiko,0.03928003,287014.0,31100368
617,fxsave,fx-usd-saving,1.099,2972.05,31093091
618,snek,snek,0.00041538,6170779.0,31019474
619,carv,carv,0.058372,6072112.0,31005782
620,useless,useless-3,0.03096431,4544687.0,30964713
621,white,whiteheart,3477.37,11.3,30906881
622,islm,islamic-coin,0.01197594,91611.0,30622570
623,frog,just-a-frog,0.03058609,0.0,30585077
624,bnt,bancor,0.279843,91476.0,30499381
625,hldr,helder,0.153595,254.77,30346200
626,bold,liquity-bold-2,1.002,42339.0,30203656
627,musd,metamask-usd,0.999892,821587.0,30192381
628,nkyc,nkyc-token,7.53,180807.0,30105856
629,io,io,0.095325,5889836.0,29979697
630,cusdo,compounding-open-dollar,1.044,84245.0,29965899
631,prl,perle,0.171497,6647602.0,29958253
632,acx,across-protocol,0.04255063,2722817.0,29954315
633,cyber,cyberconnect,0.487564,4817833.0,29861904
634,sn81,patrol-tao-com,8.64,988758.0,29746724
635,rlc,iexec-rlc,0.410516,1832062.0,29725601
636,ach,alchemy-pay,0.005991,6834509.0,29623782
637,hbd,hive_dollar,0.88807,281.36,29556478
638,lusd,liquity-usd,1.003,2070.63,29473841
639,sn9,iota-2,7.22,123360.0,29467387
640,torn,tornado-cash,7.72,626054.0,29443306
641,sqd,subsquid,0.02816177,1595422.0,29423027
642,waxp,wax,0.00635484,999759.0,29109592
643,sai,sai,10.92,5.13,29080963
644,scrt,secret,0.086182,3818340.0,29007152
645,eure,monerium-eur-money,1.15,1164801.0,29058938
646,merl,merlin-chain,0.02420576,6126179.0,28976566
647,ethw,ethereum-pow-iou,0.268473,5176045.0,28970477
648,manta,manta-network,0.061901,4542125.0,28926444
649,america,america-party-5,6.8507e-08,3.84,28819438
650,mgo,mango-network,0.01813603,778400.0,28832411
651,oza,ozapay,0.03783226,583.18,28650948
652,nym,nym,0.03442987,655189.0,28615165
653,b2,bsquared-network,0.686381,4809785.0,28516115
654,b3,b3,0.00028912,1835669.0,28420425
655,liusd,infinifi-locked-iusd-1week,1.16,1006.33,28396016
656,yousd,yield-optimizer-usd,1.076,152.13,28365889
657,peaq,peaq-2,0.01446665,3541856.0,28274797
658,rez,renzo,0.00346768,11571766.0,28312612
659,strax,stratis,0.0131048,926600.0,28204288
660,uqc,uquid-coin,2.82,37529.0,28156328
661,lsk,lisk,0.123663,1572487.0,28106108
662,kgen,kgen,0.140533,6267108.0,27924391
663,ryze,ryze,0.12858,5031.1,27784071
664,ap3x,apex-4,0.01777935,11.35,27727477
665,sn39,w-ai-parked,7.4,2387778.0,27658225
666,aiat,ai-analysis-token,0.249973,19334.76,27583908
667,spyx,sp500-xstock,658.72,1301972.0,27577165
668,gama,gama-token,0.27486,148582.0,27493669
669,ageth,kelp-gain,2129.5,1.97,27471491
670,usn,noon-usn,0.999851,4890.81,27441866
671,auki,auki-labs,0.00703065,71871.0,27402412
672,pokt,pocket-network,0.01362231,2114217.0,27402945
673,opn,opinion,0.19342,11372271.0,27477672
674,mlk,milk-alliance,0.050536,1365743.0,27299788
675,muon,micron-technology-ondo-tokenized-stock,362.8,4518724.0,27191467
676,spell,spell-token,0.00015825,2879481.0,27142948
677,ant,autonomi,0.083442,253943.0,27206864
678,nbasis,nest-basis-vault,1.055,579.16,27088655
679,quai,quai-network,0.0276066,120075.0,27015567
680,dka,dkargo,0.00537244,1429778.0,26866682
681,drift,drift-protocol,0.0453285,18298047.0,26830142
682,iq,everipedia,0.00104733,718774.0,26813538
683,brev,brevis,0.107063,7169013.0,26765699
684,sos,strategic-oil-supply-2,0.00026726,19104.21,26726354
685,cxo,cargox,0.159277,18121.37,26624823
686,agi,delysium,0.01079938,945396.0,26584334
687,qqqon,invesco-qqq-etf-ondo-tokenized-etf,585.08,1892577.0,26538980
688,stg,stargate-finance,0.227648,13910245.0,26464629
689,lqty,liquity,0.267941,2468725.0,26438353
690,kntq,kinetiq,0.097661,82986.0,26368544
691,ton,tokamak-network,0.470413,326130.0,26364122
692,ewt,energy-web-token,0.43536,295688.0,26358500
693,usdcv,usd-coinvertible,0.999037,4700300.0,26310066
694,skr,saakuru-labs,5.933e-05,3.73,26121178
695,honey,honey-3,0.999921,1084523.0,26119459
696,blast,blast,0.00044353,1074559.0,26086403
697,dovu,dovu-2,0.00261177,123452.0,26116231
698,prdt,predictions,1.087,73513.0,26097191
699,buck,bucket-protocol-buck-stablecoin,0.999339,64861.0,26108925
700,bome,book-of-meme,0.00037682,7329599.0,25997634
701,nyc,nyc-token,0.086281,78945.0,25884168
702,ocean,ocean-protocol,0.129608,62395.0,25886410
703,vr,victoria-vr,0.00153365,803015.0,25766957
704,mtl,metal,0.28364,1025922.0,25704953
705,ygg,yield-guild-games,0.0351425,3645834.0,25697796
706,soph,sophon,0.00815497,2255384.0,25657677
707,g,g-token,0.00352336,3854098.0,25474791
708,b2m,bit2me,0.00860837,15384.39,25414275
709,lista,lista,0.089617,3664374.0,25315910
710,sn68,nova-3,6.15,1051935.0,25265393
711,svl,slash-vision-labs,0.01355953,136842.0,25169828
712,zent,zentry,0.00321539,577857.0,25065268
713,game,gamebuild,0.00131557,565748.0,24983712
714,somi,somnia,0.156836,4444441.0,25124990
715,ctk,certik,0.161221,1094817.0,24930553
716,aergo,aergo,0.052748,1902478.0,24929509
717,anime,anime,0.00449464,6622951.0,24894017
718,gun,gunz,0.01437793,7851428.0,24873842
719,qanx,qanplatform,0.01459058,260071.0,24804124
720,ggbr,goldfish-gold,4.67,228381.0,24644744
721,agix,singularitynet,0.100159,80854.0,24620800
722,degen,degen-base,0.00066336,1169884.0,24522291
723,susd,nusd,0.740758,22848.0,24486137
724,mezo,mezo,0.04880499,47602320.0,24415734
725,clanker,tokenbot-2,24.77,1005869.0,24431926
726,erg,ergo,0.293767,166581.0,24403174
727,ustc,terrausd,0.00435305,3181759.0,24295076
728,verem,verified-emeralds,9.68,4913031.0,24241899
729,c98,coin98,0.02415447,3258685.0,24170266
730,wet,humidifi,0.104962,3943947.0,24146310
731,msusd,metronome-synth-usd,0.995772,1248653.0,24155185
732,inx,infinex-2,0.01210712,2066906.0,24133741
733,cbk,cobak-token,0.242655,1807805.0,24114403
734,huma,huma-finance,0.01382445,10726817.0,23969516
735,velvet,velvet,0.065325,2000743.0,23885892
736,cvc,civic,0.02982011,6074325.0,23914638
737,gxc,gxchain,0.318513,620.91,23888470
738,edge,definitive,0.105371,28695386.0,23790304
739,shx,stronghold-token,0.00408629,359513.0,23675794
740,osmo,osmosis,0.03072339,1506160.0,23628849
741,corn,corn-3,0.04501375,9622216.0,23624012
742,googlon,alphabet-class-a-ondo-tokenized-stock,294.54,244166.0,23526145
743,xt,xtcom-token,3.88,3328284.0,23480705
744,audio,audius,0.01657334,2414718.0,23372271
745,bigtime,big-time,0.01225925,5600769.0,23344335
746,tcy,tcy,0.11075,9603.86,23257478
747,safe,safecoin,0.061275,609664.0,23244723
748,zbt,zerobase,0.094903,13572358.0,23228728
749,nvdaon,nvidia-ondo-tokenized-stock,175.91,1722457.0,23117338
750,eusd,electronic-usd,1.002,191259.0,23053771
